<?xml version="1.0" encoding="UTF-8"?><rss version="2.0"
	xmlns:content="http://purl.org/rss/1.0/modules/content/"
	xmlns:wfw="http://wellformedweb.org/CommentAPI/"
	xmlns:dc="http://purl.org/dc/elements/1.1/"
	xmlns:atom="http://www.w3.org/2005/Atom"
	xmlns:sy="http://purl.org/rss/1.0/modules/syndication/"
	xmlns:slash="http://purl.org/rss/1.0/modules/slash/"
	>

<channel>
	<title></title>
	<atom:link href="http://localhost/EMDLABS/feed/" rel="self" type="application/rss+xml" />
	<link>./../index.html</link>
	<description></description>
	<lastBuildDate>Thu, 02 Sep 2021 01:56:09 +0000</lastBuildDate>
	<language>en-US</language>
	<sy:updatePeriod>
	hourly	</sy:updatePeriod>
	<sy:updateFrequency>
	1	</sy:updateFrequency>
	<generator>https://wordpress.org/?v=5.8</generator>
	<item>
		<title>Hello world!</title>
		<link>./../hello-world/index.html</link>
					<comments>./../hello-world/index.html#comments</comments>
		
		<dc:creator><![CDATA[aslamas]]></dc:creator>
		<pubDate>Thu, 02 Sep 2021 01:56:09 +0000</pubDate>
				<category><![CDATA[Uncategorized]]></category>
		<guid isPermaLink="false">./../index.html?p=1</guid>

					<description><![CDATA[Welcome to WordPress. This is your first post. Edit or delete it, then start writing!]]></description>
										<content:encoded><![CDATA[
<p>Welcome to WordPress. This is your first post. Edit or delete it, then start writing!</p>
]]></content:encoded>
					
					<wfw:commentRss>./../hello-world/feed/index.html</wfw:commentRss>
			<slash:comments>1</slash:comments>
		
		
			</item>
	</channel>
</rss>
